-- phpMyAdmin SQL Dump
-- version 5.0.2
-- https://www.phpmyadmin.net/
--
-- Host: 127.0.0.1
-- Generation Time: Nov 22, 2020 at 11:00 PM
-- Server version: 10.4.11-MariaDB
-- PHP Version: 7.4.5

SET SQL_MODE = "NO_AUTO_VALUE_ON_ZERO";
START TRANSACTION;
SET time_zone = "+00:00";


/*!40101 SET @OLD_CHARACTER_SET_CLIENT=@@CHARACTER_SET_CLIENT */;
/*!40101 SET @OLD_CHARACTER_SET_RESULTS=@@CHARACTER_SET_RESULTS */;
/*!40101 SET @OLD_COLLATION_CONNECTION=@@COLLATION_CONNECTION */;
/*!40101 SET NAMES utf8mb4 */;

--
-- Database: `vincithermogreen`
--

-- --------------------------------------------------------

--
-- Table structure for table `mesure`
--

CREATE TABLE `mesure` (
  `id_mesure` bigint(20) UNSIGNED NOT NULL,
  `zone` int(1) DEFAULT NULL,
  `dateHeure` date DEFAULT NULL,
  `temperature` float DEFAULT NULL,
  `id_stade` int(11) DEFAULT NULL
) ENGINE=InnoDB DEFAULT CHARSET=utf8mb4;

--
-- Dumping data for table `mesure`
--

INSERT INTO `mesure` (`id_mesure`, `zone`, `dateHeure`, `temperature`, `id_stade`) VALUES
(1, 3, '2020-08-26', 53.54, 5),
(2, 3, '2020-07-04', 53.43, 1),
(3, 4, '2021-04-16', 50.43, 5),
(4, 4, '2021-08-03', 50.88, 5),
(5, 3, '2020-05-10', 53.28, 5),
(6, 3, '2021-06-09', 51.23, 3),
(7, 4, '2021-04-05', 52.89, 3),
(8, 2, '2021-06-15', 51.61, 5),
(9, 2, '2020-08-17', 51.09, 1),
(10, 4, '2020-12-31', 52.43, 3),
(11, 4, '2021-08-16', 50.43, 5),
(12, 1, '2020-03-16', 51.68, 1),
(13, 3, '2020-01-10', 51.91, 2),
(14, 1, '2020-01-19', 52.55, 2),
(15, 2, '2020-03-14', 51.53, 5),
(16, 1, '2020-07-20', 51.12, 2),
(17, 1, '2020-08-20', 52.29, 4),
(18, 1, '2020-11-26', 52.7, 3),
(19, 3, '2020-07-25', 50.22, 4),
(20, 1, '2021-06-01', 50.44, 2),
(21, 1, '2020-07-26', 50.76, 1),
(22, 4, '2021-10-12', 53.23, 5),
(23, 2, '2020-08-17', 51.14, 1),
(24, 4, '2020-09-30', 53.47, 1),
(25, 3, '2021-06-23', 51.4, 2),
(26, 3, '2021-09-11', 50.18, 1),
(27, 1, '2020-06-20', 50.64, 4),
(28, 1, '2021-09-26', 53.24, 4),
(29, 4, '2020-03-29', 52.85, 4),
(30, 3, '2020-03-26', 50.35, 3),
(31, 2, '2021-04-12', 53.39, 1),
(32, 4, '2020-10-10', 51.93, 1),
(33, 2, '2020-01-11', 52.59, 1),
(34, 4, '2020-03-31', 52.58, 3),
(35, 3, '2020-09-13', 52.41, 4),
(36, 2, '2021-05-03', 51.06, 5),
(37, 3, '2021-03-19', 53.3, 2),
(38, 4, '2021-05-20', 52.05, 2),
(39, 4, '2019-12-06', 52.12, 5),
(40, 1, '2020-01-16', 50.76, 5),
(41, 4, '2020-08-15', 53.03, 1),
(42, 1, '2021-07-30', 51.06, 4),
(43, 1, '2019-10-19', 50.76, 3),
(44, 2, '2021-06-10', 51.84, 4),
(45, 4, '2021-05-26', 52.43, 4),
(46, 2, '2021-01-26', 52.22, 5),
(47, 1, '2019-12-18', 52.13, 4),
(48, 1, '2020-07-06', 53.55, 3),
(49, 1, '2020-08-03', 51.32, 1),
(50, 1, '2020-09-13', 52.77, 3),
(51, 4, '2021-05-29', 53.17, 5),
(52, 2, '2021-07-26', 52.36, 1),
(53, 2, '2021-06-20', 50.63, 1),
(54, 4, '2020-05-11', 51.15, 1),
(55, 3, '2020-08-26', 52.83, 3),
(56, 1, '2021-04-12', 52.31, 4),
(57, 4, '2020-03-21', 51.57, 2),
(58, 1, '2020-04-03', 52.72, 5),
(59, 4, '2020-09-24', 50.44, 3),
(60, 3, '2021-03-10', 51.92, 3),
(61, 4, '2020-03-15', 52.02, 1),
(62, 2, '2021-07-06', 51.06, 2),
(63, 2, '2019-12-30', 53.45, 5),
(64, 1, '2020-01-06', 51.03, 1),
(65, 2, '2021-01-18', 52.64, 2),
(66, 4, '2019-10-20', 50.28, 4),
(67, 4, '2020-07-08', 53.08, 5),
(68, 1, '2021-01-10', 51.31, 4),
(69, 4, '2021-04-27', 51.02, 4),
(70, 4, '2020-09-24', 53, 4),
(71, 1, '2021-02-18', 51.83, 2),
(72, 4, '2020-03-07', 50.02, 3),
(73, 1, '2020-02-10', 52.97, 5),
(74, 2, '2021-04-15', 52.19, 5),
(75, 3, '2020-07-29', 50.85, 4),
(76, 1, '2020-08-30', 53.54, 1),
(77, 2, '2021-06-03', 51.93, 5),
(78, 2, '2021-02-23', 51.79, 1),
(79, 3, '2020-03-04', 51.68, 3),
(80, 1, '2021-09-26', 53.19, 1),
(81, 2, '2020-08-08', 52.56, 3),
(82, 4, '2021-09-16', 50.09, 4),
(83, 2, '2021-05-01', 52.34, 5),
(84, 4, '2021-02-18', 52.18, 3),
(85, 2, '2021-04-12', 50.94, 5),
(86, 2, '2019-11-08', 51.93, 5),
(87, 3, '2019-10-24', 51.71, 1),
(88, 1, '2020-09-25', 53.56, 2),
(89, 4, '2020-08-02', 52.82, 5),
(90, 1, '2020-12-10', 51.27, 1),
(91, 3, '2021-09-08', 53.44, 5),
(92, 3, '2019-11-04', 53, 3),
(93, 2, '2020-07-15', 50.37, 2),
(94, 3, '2021-09-24', 52.07, 4),
(95, 4, '2020-04-30', 51.01, 5),
(96, 3, '2020-08-04', 52.91, 3),
(97, 4, '2021-02-24', 52.16, 4),
(98, 2, '2020-08-11', 53.15, 1),
(99, 2, '2021-09-05', 50.04, 3),
(100, 3, '2020-08-26', 53.54, 5),
(101, 3, '2020-07-04', 53.43, 1),
(102, 4, '2021-04-16', 50.43, 5),
(103, 4, '2021-08-03', 50.88, 5),
(104, 3, '2020-05-10', 53.28, 5),
(105, 3, '2021-06-09', 51.23, 3),
(106, 4, '2021-04-05', 52.89, 3),
(107, 2, '2021-06-15', 51.61, 5),
(108, 2, '2020-08-17', 51.09, 1),
(109, 4, '2020-12-31', 52.43, 3),
(110, 4, '2021-08-16', 50.43, 5),
(111, 1, '2020-03-16', 51.68, 1),
(112, 3, '2020-01-10', 51.91, 2),
(113, 1, '2020-01-19', 52.55, 2),
(114, 2, '2020-03-14', 51.53, 5),
(115, 1, '2020-07-20', 51.12, 2),
(116, 1, '2020-08-20', 52.29, 4),
(117, 1, '2020-11-26', 52.7, 3),
(118, 3, '2020-07-25', 50.22, 4),
(119, 1, '2021-06-01', 50.44, 2),
(120, 1, '2020-07-26', 50.76, 1),
(121, 4, '2021-10-12', 53.23, 5),
(122, 2, '2020-08-17', 51.14, 1),
(123, 4, '2020-09-30', 53.47, 1),
(124, 3, '2021-06-23', 51.4, 2),
(125, 3, '2021-09-11', 50.18, 1),
(126, 1, '2020-06-20', 50.64, 4),
(127, 1, '2021-09-26', 53.24, 4),
(128, 4, '2020-03-29', 52.85, 4),
(129, 3, '2020-03-26', 50.35, 3),
(130, 2, '2021-04-12', 53.39, 1),
(131, 4, '2020-10-10', 51.93, 1),
(132, 2, '2020-01-11', 52.59, 1),
(133, 4, '2020-03-31', 52.58, 3),
(134, 3, '2020-09-13', 52.41, 4),
(135, 2, '2021-05-03', 51.06, 5),
(136, 3, '2021-03-19', 53.3, 2),
(137, 4, '2021-05-20', 52.05, 2),
(138, 4, '2019-12-06', 52.12, 5),
(139, 1, '2020-01-16', 50.76, 5),
(140, 4, '2020-08-15', 53.03, 1),
(141, 1, '2021-07-30', 51.06, 4),
(142, 1, '2019-10-19', 50.76, 3),
(143, 2, '2021-06-10', 51.84, 4),
(144, 4, '2021-05-26', 52.43, 4),
(145, 2, '2021-01-26', 52.22, 5),
(146, 1, '2019-12-18', 52.13, 4),
(147, 1, '2020-07-06', 53.55, 3),
(148, 1, '2020-08-03', 51.32, 1),
(149, 1, '2020-09-13', 52.77, 3),
(150, 4, '2021-05-29', 53.17, 5),
(151, 2, '2021-07-26', 52.36, 1),
(152, 2, '2021-06-20', 50.63, 1),
(153, 4, '2020-05-11', 51.15, 1),
(154, 3, '2020-08-26', 52.83, 3),
(155, 1, '2021-04-12', 52.31, 4),
(156, 4, '2020-03-21', 51.57, 2),
(157, 1, '2020-04-03', 52.72, 5),
(158, 4, '2020-09-24', 50.44, 3),
(159, 3, '2021-03-10', 51.92, 3),
(160, 4, '2020-03-15', 52.02, 1),
(161, 2, '2021-07-06', 51.06, 2),
(162, 2, '2019-12-30', 53.45, 5),
(163, 1, '2020-01-06', 51.03, 1),
(164, 2, '2021-01-18', 52.64, 2),
(165, 4, '2019-10-20', 50.28, 4),
(166, 4, '2020-07-08', 53.08, 5),
(167, 1, '2021-01-10', 51.31, 4),
(168, 4, '2021-04-27', 51.02, 4),
(169, 4, '2020-09-24', 53, 4),
(170, 1, '2021-02-18', 51.83, 2),
(171, 4, '2020-03-07', 50.02, 3),
(172, 1, '2020-02-10', 52.97, 5),
(173, 2, '2021-04-15', 52.19, 5),
(174, 3, '2020-07-29', 50.85, 4),
(175, 1, '2020-08-30', 53.54, 1),
(176, 2, '2021-06-03', 51.93, 5),
(177, 2, '2021-02-23', 51.79, 1),
(178, 3, '2020-03-04', 51.68, 3),
(179, 1, '2021-09-26', 53.19, 1),
(180, 2, '2020-08-08', 52.56, 3),
(181, 4, '2021-09-16', 50.09, 4),
(182, 2, '2021-05-01', 52.34, 5),
(183, 4, '2021-02-18', 52.18, 3),
(184, 2, '2021-04-12', 50.94, 5),
(185, 2, '2019-11-08', 51.93, 5),
(186, 3, '2019-10-24', 51.71, 1),
(187, 1, '2020-09-25', 53.56, 2),
(188, 4, '2020-08-02', 52.82, 5),
(189, 1, '2020-12-10', 51.27, 1),
(190, 3, '2021-09-08', 53.44, 5),
(191, 3, '2019-11-04', 53, 3),
(192, 2, '2020-07-15', 50.37, 2),
(193, 3, '2021-09-24', 52.07, 4),
(194, 4, '2020-04-30', 51.01, 5),
(195, 3, '2020-08-04', 52.91, 3),
(196, 4, '2021-02-24', 52.16, 4),
(197, 2, '2020-08-11', 53.15, 1),
(198, 2, '2021-09-05', 50.04, 3),
(199, 2, '2020-07-18', 52.24, 5);

-- --------------------------------------------------------

--
-- Table structure for table `stade`
--

CREATE TABLE `stade` (
  `id_stade` int(11) NOT NULL,
  `nom_stade` varchar(100) DEFAULT NULL
) ENGINE=InnoDB DEFAULT CHARSET=utf8mb4;

--
-- Dumping data for table `stade`
--

INSERT INTO `stade` (`id_stade`, `nom_stade`) VALUES
(1, 'Stade Vélodrome'),
(2, 'Parc Olympique Lyonnais'),
(3, 'Stade Pierre-Mauroy'),
(4, 'Parc des Princes'),
(5, 'Matmut Atlantique');

-- --------------------------------------------------------

--
-- Table structure for table `user`
--

CREATE TABLE `user` (
  `id_user` bigint(20) UNSIGNED NOT NULL,
  `login` varchar(50) NOT NULL,
  `password` varchar(150) NOT NULL,
  `role` varchar(30) NOT NULL
) ENGINE=InnoDB DEFAULT CHARSET=utf8mb4;

--
-- Dumping data for table `user`
--

INSERT INTO `user` (`id_user`, `login`, `password`, `role`) VALUES
(1, 'root', '$2a$10$MS8HpoiOS3iXtHi.aowu5uclmQ1rbLWhXE5x.OwDy8JpMho1I5cwC', 'admin'),
(4, 'achot', '$2a$10$4/mKJbG14TLTLJu2mfskVO5oIqIftdrgrATbj/6EPUpASHkN.3u6S', 'user'),
(8, 'testID', '$2a$10$hGmNLf/CU/0MfJjUqm9C5el0.7vCGMyoN34RXkCIP57lZ5wW9wt4y', 'user'),
(9, 'testID', '$2a$10$H40ehrYxehitjv4iAGbZnul04n/sNJUmjP.QpMDp48b4fcXwfB1j.', 'user'),
(12, 'test numero 165', '$2a$10$iu2qTpBlu3fMqjFvnTFv9uqZyIGx/arBv59xaQ0klJMFmqZSMYeRi', 'user'),
(13, 'test 235', '$2a$10$AVo/7NvMQ3x/qx63NYrsrO56ACX4V2IWrjU2UB/9TaBOCSFJ8IhaC', 'user'),
(14, 'test 1025', '$2a$10$oG4z.zViRvMoWJO1DaMELOIu0qYEUXKFODFvfm2cIVae/nyS5GlTy', 'user'),
(15, 'test 1056', '$2a$10$m6rvGIEKbl/fLnyLnPIQ9.AtOQe2VV/brDVe/j6T02dA6CnFdArBi', 'user');

--
-- Indexes for dumped tables
--

--
-- Indexes for table `mesure`
--
ALTER TABLE `mesure`
  ADD PRIMARY KEY (`id_mesure`),
  ADD UNIQUE KEY `id_mesure` (`id_mesure`),
  ADD KEY `id_stade` (`id_stade`);

--
-- Indexes for table `stade`
--
ALTER TABLE `stade`
  ADD PRIMARY KEY (`id_stade`);

--
-- Indexes for table `user`
--
ALTER TABLE `user`
  ADD UNIQUE KEY `id_user` (`id_user`);

--
-- AUTO_INCREMENT for dumped tables
--

--
-- AUTO_INCREMENT for table `mesure`
--
ALTER TABLE `mesure`
  MODIFY `id_mesure` bigint(20) UNSIGNED NOT NULL AUTO_INCREMENT, AUTO_INCREMENT=200;

--
-- AUTO_INCREMENT for table `stade`
--
ALTER TABLE `stade`
  MODIFY `id_stade` int(11) NOT NULL AUTO_INCREMENT, AUTO_INCREMENT=6;

--
-- AUTO_INCREMENT for table `user`
--
ALTER TABLE `user`
  MODIFY `id_user` bigint(20) UNSIGNED NOT NULL AUTO_INCREMENT, AUTO_INCREMENT=20;

--
-- Constraints for dumped tables
--

--
-- Constraints for table `mesure`
--
ALTER TABLE `mesure`
  ADD CONSTRAINT `mesure_ibfk_1` FOREIGN KEY (`id_stade`) REFERENCES `stade` (`id_stade`);
COMMIT;

/*!40101 SET CHARACTER_SET_CLIENT=@OLD_CHARACTER_SET_CLIENT */;
/*!40101 SET CHARACTER_SET_RESULTS=@OLD_CHARACTER_SET_RESULTS */;
/*!40101 SET COLLATION_CONNECTION=@OLD_COLLATION_CONNECTION */;
